Institution,Rank_earned_doct,Percentile_earned_doct,Rank_full_time_grad,Percentile_full_time_grad,Rank_tot_rd,Percentile_tot_rd,Rank_research_space,Percentile_research_space
A.T. Still U.,0,0.0,305,44.6,779,85.8,0,0.0
Abilene Christian U.,0,0.0,396,57.7,425,47.2,545,93.5
Adelphi U.,279,62.6,255,37.4,531,58.8,0,0.0
Agnes Scott C.,0,0.0,0,0.0,823,90.6,0,0.0
Air Force Institute of Technology,262,58.8,218,32.1,214,24.2,0,0.0
Alabama A&M U.,396,88.5,323,47.2,349,38.9,320,55.3
"Alabama C., Osteopathic Medicine",0,0.0,0,0.0,896,98.6,0,0.0
Alabama State U.,320,71.7,637,92.3,499,55.3,177,30.9
Alaska Pacific U.,0,0.0,648,93.8,633,69.9,564,96.8
Albany C. Pharmacy and Health Sciences,0,0.0,661,95.7,459,50.9,522,89.6
Albany Medical C.,334,74.8,529,76.8,271,30.4,272,47.1
Albany State U.,0,0.0,0,0.0,666,73.5,0,0.0
Albert Einstein College of Medicine,267,59.9,280,41.0,89,10.6,128,22.6
Albion C.,0,0.0,0,0.0,623,68.8,0,0.0
Albizu U.,0,0.0,151,22.5,788,86.8,583,100.0
Alcorn State U.,0,0.0,547,79.3,318,35.6,385,66.3
Alderson-Broaddus U.,0,0.0,683,98.9,0,0.0,0,0.0
Alfred U.,430,96.0,612,88.7,496,55.0,492,84.5
"Alliant International U., San Diego",190,42.9,0,0.0,0,0.0,0,0.0
Alverno C.,0,0.0,0,0.0,880,96.8,0,0.0
American International C.,0,0.0,433,63.0,0,0.0,0,0.0
American Museum of Natural History,0,0.0,594,86.1,0,0.0,0,0.0
American Samoa Community C.,0,0.0,0,0.0,684,75.5,563,96.6
American U.,237,53.3,125,18.8,182,20.7,374,64.5
Amherst C.,0,0.0,0,0.0,423,47.0,369,63.6
Andrews U.,271,60.8,372,54.2,687,75.8,0,0.0
Angelo State U.,0,0.0,379,55.2,653,72.1,0,0.0
Antioch U.,0,0.0,161,24.0,0,0.0,0,0.0
"Antioch U., Keene",343,76.7,0,0.0,0,0.0,0,0.0
Appalachian State U.,0,0.0,285,41.8,429,47.7,499,85.7
Arcadia U.,0,0.0,491,71.3,664,73.3,0,0.0
Arizona State U.,20,5.2,8,2.0,42,5.5,49,9.2
Arkansas C. of Health Education,0,0.0,0,0.0,711,78.4,0,0.0
Arkansas State U.,0,0.0,349,50.9,0,0.0,0,0.0
"Arkansas State U., Jonesboro",405,90.5,0,0.0,358,39.9,322,55.6
Arkansas Tech U.,0,0.0,590,85.5,696,76.8,0,0.0
Asbury Theological Seminary,343,76.7,0,0.0,0,0.0,0,0.0
Auburn U.,0,0.0,86,13.2,0,0.0,0,0.0
"Auburn U., Auburn",68,15.8,0,0.0,100,11.8,154,27.0
"Auburn U., Montgomery",0,0.0,0,0.0,783,86.3,0,0.0
Augsburg U.,0,0.0,0,0.0,684,75.5,0,0.0
Augusta U.,0,0.0,351,51.2,157,18.0,188,32.8
Augustana C.,0,0.0,0,0.0,856,94.2,0,0.0
Augustana U.,0,0.0,0,0.0,640,70.7,554,95.1
Aurora U.,0,0.0,637,92.3,0,0.0,0,0.0
Austin C.,0,0.0,0,0.0,841,92.6,0,0.0
Austin Peay State U.,0,0.0,488,70.9,493,54.6,557,95.6
Avila U.,0,0.0,411,59.8,0,0.0,0,0.0
Azusa Pacific U.,330,73.9,228,33.6,407,45.3,476,81.8
Babson C.,0,0.0,0,0.0,603,66.6,0,0.0
Baldwin-Wallace U.,0,0.0,0,0.0,885,97.4,0,0.0
Ball State U.,262,58.8,254,37.3,353,39.4,266,46.1
Bard C.,372,83.2,587,85.1,866,95.3,0,0.0
Barnard C.,0,0.0,0,0.0,424,47.1,527,90.5
Barry U.,334,74.8,257,37.7,831,91.5,0,0.0
Bates C.,0,0.0,0,0.0,500,55.4,470,80.8
Baylor C. Medicine,171,38.7,206,30.4,38,5.0,70,12.7
Baylor U.,146,33.1,126,18.9,207,23.5,193,33.7
Bemidji State U.,0,0.0,665,96.3,0,0.0,0,0.0
Benedict C.,0,0.0,0,0.0,697,76.9,0,0.0
Benedictine U.,304,68.1,449,65.3,0,0.0,0,0.0
Bentley U.,430,96.0,0,0.0,589,65.1,0,0.0
Berry C.,0,0.0,0,0.0,814,89.6,0,0.0
Bethune-Cookman U.,0,0.0,602,87.2,656,72.4,0,0.0
Biola U.,271,60.8,555,80.5,612,67.6,518,88.9
Black Hills State U.,0,0.0,682,98.7,604,66.8,549,94.2
Bloomsburg U. Pennsylvania,0,0.0,551,79.9,827,91.1,0,0.0
Bluefield State C.,0,0.0,0,0.0,757,83.4,0,0.0
Boise State U.,267,59.9,246,36.2,212,24.0,284,49.1
Boston C.,130,29.6,176,26.1,185,21.1,251,43.5
Boston U.,53,12.5,26,4.6,43,5.6,63,11.6
Bowdoin C.,0,0.0,0,0.0,512,56.7,411,70.7
Bowie State U.,430,96.0,574,83.2,591,65.3,567,97.3
Bowling Green State U.,0,0.0,230,33.9,285,32.0,246,42.7
"Bowling Green State U., Bowling Green",175,39.5,0,0.0,0,0.0,0,0.0
Bradley U.,0,0.0,458,66.6,794,87.5,0,0.0
Brandeis U.,173,39.1,141,21.1,165,18.9,199,34.7
Bridgewater State U.,0,0.0,551,79.9,751,82.8,0,0.0
Brigham Young U.,0,0.0,236,34.7,0,0.0,0,0.0
"Brigham Young U., Provo",153,34.7,0,0.0,219,24.8,163,28.6
Brite Divinity S.,430,96.0,0,0.0,0,0.0,0,0.0
Brown U.,101,23.2,73,11.3,96,11.4,160,28.1
Bryant U.,0,0.0,0,0.0,828,91.2,0,0.0
Bryn Athyn C.,0,0.0,0,0.0,837,92.2,0,0.0
Bryn Mawr C.,386,86.3,597,86.5,351,39.2,448,77.0
Bucknell U.,0,0.0,646,93.5,430,47.8,368,63.4
Butler U.,0,0.0,587,85.1,629,69.5,0,0.0
C. Charleston,0,0.0,468,68.0,383,42.7,437,75.2
C. Holy Cross,0,0.0,0,0.0,780,85.9,0,0.0
"C. New Jersey, The",0,0.0,0,0.0,552,61.1,310,53.6
C. Saint Benedict,0,0.0,0,0.0,631,69.7,0,0.0
"C. Saint Rose, The",0,0.0,391,57.0,0,0.0,0,0.0
C. Southern Nevada,0,0.0,0,0.0,832,91.6,0,0.0
"C. Wooster, The",0,0.0,0,0.0,629,69.5,0,0.0
"CUNY, Advanced Science Research Center",0,0.0,0,0.0,306,34.3,402,69.2
"CUNY, Baruch C.",0,0.0,393,57.2,506,56.1,561,96.3
"CUNY, Brooklyn C.",0,0.0,436,63.4,385,42.9,314,54.2
"CUNY, C. Staten Island",0,0.0,653,94.6,488,54.1,408,70.2
"CUNY, City C.",279,62.6,271,39.7,192,21.8,113,20.1
"CUNY, Graduate Center",48,11.4,134,20.1,438,48.7,421,72.4
"CUNY, Graduate School of Public Health and Health Policy",0,0.0,0,0.0,312,34.9,0,0.0
"CUNY, Hunter C.",0,0.0,413,60.1,235,26.5,204,35.5
"CUNY, John Jay C. Criminal Justice",0,0.0,384,56.0,331,37.0,440,75.7
"CUNY, Lehman C.",0,0.0,528,76.6,440,48.9,538,92.4
"CUNY, Medgar Evers C.",0,0.0,0,0.0,707,78.0,0,0.0
"CUNY, New York City C.  Technology",0,0.0,0,0.0,595,65.8,417,71.8
"CUNY, Queens C.",0,0.0,297,43.5,302,33.8,293,50.7
"CUNY, York C.",0,0.0,0,0.0,620,68.5,484,83.2
"CUNY, system office",0,0.0,0,0.0,574,63.5,0,0.0
Caldwell U.,396,88.5,683,98.9,0,0.0,0,0.0
California Baptist U.,0,0.0,175,26.0,0,0.0,0,0.0
California Institute of Integral Studies,209,47.1,214,31.6,0,0.0,0,0.0
California Institute of Technology,111,25.4,109,16.5,62,7.7,77,13.9
California Institute of the Arts,417,93.1,0,0.0,0,0.0,0,0.0
California Lutheran U.,0,0.0,444,64.6,621,68.6,0,0.0
"California Polytechnic State U., San Luis Obispo",0,0.0,289,42.3,251,28.3,218,37.9
"California State Polytechnic U., Pomona",0,0.0,311,45.5,375,41.8,532,91.3
California State U. Maritime Academy,0,0.0,0,0.0,491,54.4,537,92.2
"California State U., Bakersfield",0,0.0,491,71.3,386,43.0,525,90.1
"California State U., Channel Islands",0,0.0,0,0.0,518,57.4,524,90.0
"California State U., Chico",0,0.0,346,50.5,439,48.8,488,83.8
"California State U., Dominguez Hills",0,0.0,486,70.6,495,54.9,497,85.4
"California State U., East Bay",0,0.0,264,38.7,278,31.2,477,82.0
"California State U., Fresno",0,0.0,253,37.2,347,38.7,307,53.1
"California State U., Fullerton",0,0.0,201,29.7,350,39.1,262,45.4
"California State U., Long Beach",0,0.0,178,26.4,310,34.7,254,44.0
"California State U., Los Angeles",0,0.0,243,35.7,346,38.6,412,70.9
"California State U., Monterey Bay",0,0.0,481,69.9,377,42.0,571,98.0
"California State U., Northridge",0,0.0,186,27.5,299,33.5,283,49.0
"California State U., Sacramento",0,0.0,303,44.3,263,29.6,352,60.7
"California State U., San Bernardino",0,0.0,242,35.6,333,37.2,401,69.0
"California State U., San Marcos",0,0.0,466,67.7,341,38.1,489,84.0
"California State U., Stanislaus",0,0.0,635,92.0,536,59.3,559,95.9
California U. Science and Medicine,0,0.0,525,76.2,0,0.0,0,0.0
Calvin Theological Seminary,405,90.5,0,0.0,0,0.0,0,0.0
Calvin U.,0,0.0,540,78.3,586,64.8,434,74.7
Cameron U.,0,0.0,529,76.8,0,0.0,0,0.0
Campbell U.,0,0.0,426,62.0,0,0.0,0,0.0
Canisius C.,0,0.0,579,83.9,633,69.9,473,81.3
Cardinal Stritch U.,271,60.8,0,0.0,0,0.0,0,0.0
Carleton C.,0,0.0,0,0.0,453,50.3,323,55.8
"Carlos Albizu U., San Juan",288,64.6,0,0.0,0,0.0,0,0.0
Carnegie Mellon U.,62,14.5,18,3.4,70,8.5,106,18.9
Case Western Reserve U.,96,22.0,79,12.2,66,8.1,119,21.1
"Catholic U. America, The",192,43.3,370,53.9,232,26.2,292,50.5
Cedars-Sinai Medical Center,0,0.0,557,80.8,0,0.0,0,0.0
Central Connecticut State U.,0,0.0,504,73.2,601,66.4,0,0.0
Central Michigan U.,279,62.6,267,39.2,272,30.6,179,31.3
Central State U.,0,0.0,0,0.0,355,39.6,395,68.0
Central Washington U.,0,0.0,333,48.6,514,56.9,435,74.8
Centre C.,0,0.0,0,0.0,860,94.7,0,0.0
Chapman U.,237,53.3,348,50.8,252,28.4,342,59.0
Charles R. Drew U. Medicine and Science,0,0.0,476,69.2,327,36.5,515,88.4
Chatham U.,0,0.0,423,61.6,0,0.0,0,0.0
Chicago State U.,0,0.0,449,65.3,513,56.8,0,0.0
Chicago Theological Seminary,396,88.5,0,0.0,0,0.0,0,0.0
Christopher Newport U.,0,0.0,628,91.0,497,55.1,478,82.1
Citadel Military C. South Carolina,0,0.0,510,74.0,538,59.6,0,0.0
"City of Hope, Irell and Manella Graduate School of Biological Sciences",343,76.7,459,66.7,0,0.0,0,0.0
Claflin U.,0,0.0,643,93.1,637,70.3,506,86.9
Claremont Graduate U.,132,30.0,196,29.0,372,41.5,514,88.3
Claremont McKenna C.,0,0.0,0,0.0,428,47.6,509,87.4
Claremont School of Theology,316,70.8,0,0.0,773,85.2,0,0.0
Clarion U. Pennsylvania,0,0.0,496,72.0,0,0.0,0,0.0
Clark Atlanta U.,284,63.7,506,73.5,352,39.3,297,51.4
Clark U.,271,60.8,284,41.6,364,40.6,419,72.1
Clarkson U.,257,57.7,315,46.1,296,33.2,267,46.3
Clayton State U.,0,0.0,0,0.0,724,79.8,0,0.0
Clemson U.,83,19.2,74,11.5,107,12.6,81,14.6
Cleveland State U.,221,49.7,130,19.5,177,20.2,274,47.4
Coastal Carolina U.,0,0.0,612,88.7,527,58.4,457,78.6
Coe C.,0,0.0,0,0.0,746,82.2,0,0.0
Colby C.,0,0.0,0,0.0,572,63.3,390,67.2
Cold Spring Harbor Laboratory,0,0.0,540,78.3,159,18.2,161,28.2
Colgate U.,0,0.0,0,0.0,471,52.2,265,45.9
Colorado C.,0,0.0,0,0.0,402,44.7,0,0.0
Colorado Mesa U.,0,0.0,0,0.0,679,74.9,0,0.0
Colorado School of Mines,159,36.0,127,19.1,173,19.8,190,33.2
"Colorado State U., Fort Collins",83,19.2,114,17.2,61,7.5,56,10.4
"Colorado State U., Pueblo",0,0.0,643,93.1,481,53.3,341,58.8
Columbia U. in the City of New York,17,4.5,2,1.1,21,3.2,27,5.4
Columbus State U.,0,0.0,416,60.5,888,97.7,0,0.0
"Commonwealth Medical C., The",0,0.0,449,65.3,0,0.0,0,0.0
"Concordia C., Moorhead",0,0.0,0,0.0,838,92.3,0,0.0
Concordia Seminary,354,79.2,0,0.0,0,0.0,0,0.0
"Concordia U., Wisconsin",0,0.0,0,0.0,787,86.7,0,0.0
Connecticut C.,0,0.0,0,0.0,611,67.5,273,47.3
Converse C.,0,0.0,0,0.0,849,93.5,0,0.0
Cooper Union,0,0.0,637,92.3,742,81.8,0,0.0
Coppin State U.,0,0.0,657,95.1,843,92.8,0,0.0
Cornell C.,0,0.0,0,0.0,773,85.2,0,0.0
Cornell U.,25,6.3,14,2.9,14,2.4,26,5.3
"Cornell University, Graduate School of Medical Sciences",192,43.3,0,0.0,0,0.0,0,0.0
Creighton U.,417,93.1,476,69.2,267,30.0,263,45.6
D'Youville C.,0,0.0,0,0.0,839,92.4,0,0.0
Dakota State U.,320,71.7,335,48.9,468,51.9,528,90.6
Dallas Theological Seminary,396,88.5,0,0.0,0,0.0,0,0.0
Dartmouth C.,173,39.1,146,21.8,82,9.8,96,17.2
Davidson C.,0,0.0,0,0.0,508,56.3,446,76.7
DePaul U.,297,66.6,135,20.2,380,42.3,389,67.0
DePauw U.,0,0.0,0,0.0,840,92.5,0,0.0
DeSales U.,0,0.0,628,91.0,0,0.0,0,0.0
Delaware State U.,372,83.2,468,68.0,269,30.2,185,32.3
Delaware Valley U.,0,0.0,0,0.0,898,98.8,0,0.0
Delta State U.,0,0.0,637,92.3,873,96.1,0,0.0
Denison U.,0,0.0,0,0.0,703,77.5,0,0.0
Des Moines U.,0,0.0,0,0.0,409,45.5,508,87.2
"Des Moines U., Osteopathic Medical Center",0,0.0,584,84.7,0,0.0,0,0.0
Desert Research Institute,0,0.0,0,0.0,249,28.0,275,47.6
Dickinson C.,0,0.0,0,0.0,692,76.3,0,0.0
Dillard U.,0,0.0,0,0.0,505,56.0,122,21.6
Dine C.,0,0.0,0,0.0,581,64.2,0,0.0
Doane U.,0,0.0,0,0.0,615,67.9,0,0.0
Dominican U. California,0,0.0,486,70.6,679,74.9,0,0.0
Dordt U.,0,0.0,0,0.0,705,77.8,570,97.8
Drake U.,0,0.0,0,0.0,587,64.9,0,0.0
Drew U.,348,77.9,608,88.1,0,0.0,0,0.0
Drexel U.,110,25.1,110,16.6,143,16.5,152,26.7
Duke U.,39,9.4,46,7.5,11,2.1,66,12.1
Duquesne U.,178,40.2,340,49.6,340,38.0,156,27.4
Earlham C.,0,0.0,0,0.0,852,93.8,0,0.0
East Carolina U.,206,46.4,213,31.4,200,22.7,182,31.8
East Central U.,0,0.0,0,0.0,870,95.8,0,0.0
East Stroudsburg U. Pennsylvania,0,0.0,444,64.6,588,65.0,0,0.0
East Tennessee State U.,267,59.9,240,35.3,286,32.1,243,42.2
Eastern Connecticut State U.,0,0.0,0,0.0,577,63.8,523,89.8
Eastern Illinois U.,0,0.0,368,53.7,750,82.7,0,0.0
Eastern Kentucky U.,0,0.0,406,59.1,644,71.1,0,0.0
Eastern Mennonite U.,0,0.0,0,0.0,875,96.3,0,0.0
Eastern Michigan U.,248,55.7,362,52.8,373,41.6,404,69.6
Eastern New Mexico U.,0,0.0,408,59.4,0,0.0,0,0.0
"Eastern New Mexico U., Portales",0,0.0,0,0.0,821,90.4,0,0.0
Eastern Oregon U.,0,0.0,0,0.0,900,99.0,0,0.0
Eastern U.,0,0.0,294,43.0,0,0.0,0,0.0
Eastern Virginia Medical School,0,0.0,412,60.0,281,31.5,289,50.0
Eastern Washington U.,0,0.0,289,42.3,550,60.9,360,62.1
Eckerd C.,0,0.0,0,0.0,817,90.0,0,0.0
Edinboro U. Pennsylvania,0,0.0,525,76.2,0,0.0,0,0.0
Edward Via C. Osteopathic Medicine,0,0.0,0,0.0,381,42.4,472,81.1
Elizabeth City State U.,0,0.0,637,92.3,570,63.0,548,94.1
"Elmezzi Graduate School of Molecular Medicine, The",405,90.5,653,94.6,0,0.0,0,0.0
Elmhurst C.,0,0.0,0,0.0,773,85.2,0,0.0
Elon U.,0,0.0,0,0.0,541,59.9,0,0.0
Embry-Riddle Aeronautical U.,0,0.0,261,38.3,279,31.3,410,70.6
"Embry-Riddle Aeronautical U., Daytona Beach",288,64.6,0,0.0,0,0.0,0,0.0
Emerson C.,0,0.0,0,0.0,735,81.0,0,0.0
Emory U.,86,19.8,118,17.8,31,4.3,71,12.9
Emporia State U.,0,0.0,462,67.1,734,80.9,0,0.0
Endicott C.,0,0.0,617,89.4,0,0.0,0,0.0
Erikson Institute,0,0.0,0,0.0,568,62.8,0,0.0
"Evergreen State C., The",0,0.0,587,85.1,689,76.0,0,0.0
Fairfield U.,0,0.0,483,70.2,674,74.4,0,0.0
Fairleigh Dickinson U.,0,0.0,338,49.4,836,92.0,0,0.0
"Fairleigh Dickinson U., Teaneck",334,74.8,0,0.0,0,0.0,0,0.0
Fayetteville State U.,0,0.0,472,68.6,447,49.6,546,93.7
Ferris State U.,0,0.0,0,0.0,671,74.1,0,0.0
Fielding Graduate U.,135,30.7,220,32.4,675,74.5,579,99.3
Fisk U.,0,0.0,594,86.1,434,48.2,544,93.4
Fitchburg State U.,0,0.0,459,66.7,0,0.0,0,0.0
Five Towns C.,417,93.1,0,0.0,0,0.0,0,0.0
Florida A&M U.,284,63.7,330,48.2,211,23.9,232,40.3
Florida Atlantic U.,148,33.6,190,28.1,190,21.6,180,31.5
Florida Gulf Coast U.,0,0.0,572,82.9,360,40.1,259,44.9
Florida Institute of Technology,198,44.6,200,29.6,268,30.1,211,36.7
Florida International U.,96,22.0,77,11.9,105,12.3,124,21.9
Florida Polytechnic University,0,0.0,529,76.8,607,67.1,526,90.3
Florida State U.,49,11.6,66,10.3,83,9.9,145,25.5
Fordham U.,152,34.4,245,36.0,297,33.3,364,62.8
Fort Hays State U.,0,0.0,437,63.6,688,75.9,0,0.0
Fort Lewis C.,0,0.0,0,0.0,549,60.8,413,71.1
Fort Valley State U.,0,0.0,529,76.8,419,46.6,146,25.7
Framingham State U.,0,0.0,674,97.6,515,57.0,344,59.4
Francis Marion U.,0,0.0,0,0.0,886,97.5,0,0.0
Franklin W. Olin C. Engineering,0,0.0,0,0.0,578,63.9,0,0.0
Franklin and Marshall C.,0,0.0,0,0.0,458,50.8,257,44.6
Frostburg State U.,0,0.0,563,81.6,0,0.0,0,0.0
Fuller Theological Seminary,225,50.6,0,0.0,0,0.0,0,0.0
Furman U.,0,0.0,674,97.6,510,56.5,391,67.3
Future Generations U.,0,0.0,0,0.0,857,94.3,0,0.0
Gallaudet U.,308,69.0,551,79.9,393,43.7,550,94.4
Gannon U.,0,0.0,328,47.9,646,71.3,0,0.0
Garrett-Evangelical Theological Seminary,372,83.2,0,0.0,0,0.0,0,0.0
George Mason U.,77,17.8,59,9.3,114,13.3,165,28.9
"George Washington U., The",91,20.9,49,7.9,101,11.9,116,20.6
Georgetown U.,124,28.2,55,8.8,92,10.9,153,26.9
Georgia C. and State U.,0,0.0,625,90.5,868,95.5,0,0.0
Georgia Gwinnett C.,0,0.0,0,0.0,765,84.3,0,0.0
Georgia Institute of Technology,19,5.0,16,3.2,20,3.1,14,3.2
Georgia Regents U.,279,62.6,0,0.0,0,0.0,0,0.0
Georgia Southern U.,430,96.0,239,35.2,227,25.6,202,35.2
Georgia Southwestern State U.,0,0.0,652,94.4,0,0.0,0,0.0
Georgia State U.,94,21.6,75,11.6,118,13.8,229,39.8
Gettysburg C.,0,0.0,0,0.0,715,78.9,0,0.0
Gonzaga U.,330,73.9,617,89.4,884,97.3,0,0.0
Goucher C.,0,0.0,0,0.0,862,94.9,0,0.0
Governors State U.,0,0.0,323,47.2,805,88.7,0,0.0
Graduate School of the Stowers Institute for Medical Research,0,0.0,0,0.0,738,81.4,0,0.0
Graduate Theological Union,293,65.7,0,0.0,0,0.0,0,0.0
Grambling State U.,334,74.8,0,0.0,534,59.1,0,0.0
Grand Valley State U.,0,0.0,237,34.9,378,42.1,303,52.4
Grinnell C.,0,0.0,0,0.0,441,49.0,353,60.9
Gustavus Adolphus C.,0,0.0,0,0.0,651,71.9,0,0.0
Hamilton C.,0,0.0,0,0.0,566,62.6,0,0.0
Hamline U.,0,0.0,0,0.0,763,84.1,0,0.0
Hampton U.,262,58.8,480,69.7,332,37.1,556,95.4
Harrisburg U. Science and Technology,0,0.0,132,19.8,0,0.0,0,0.0
Hartford International U. for Religion and Peace,0,0.0,0,0.0,754,83.1,0,0.0
Harvard U.,16,4.3,34,5.7,10,2.0,17,3.7
Harvey Mudd C.,0,0.0,0,0.0,517,57.3,387,66.7
Haverford C.,0,0.0,0,0.0,450,50.0,452,77.7
Hawai'i Pacific U.,0,0.0,466,67.7,558,61.7,438,75.3
"Hebrew Union C.-Jewish Institute of Religion, New York City",430,96.0,0,0.0,0,0.0,0,0.0
Heidelberg U.,0,0.0,0,0.0,567,62.7,560,96.1
Hendrix C.,0,0.0,0,0.0,714,78.7,0,0.0
High Tech High Graduate School of Ed.,0,0.0,0,0.0,413,45.9,0,0.0
Hobart and William Smith Colleges,0,0.0,0,0.0,547,60.5,501,86.1
Hofstra U.,284,63.7,282,41.3,398,44.3,0,0.0
Hood C.,0,0.0,518,75.2,0,0.0,0,0.0
Hope C.,0,0.0,0,0.0,410,45.6,334,57.6
Howard U.,148,33.6,232,34.1,197,22.4,140,24.6
Hult International Business School,0,0.0,0,0.0,651,71.9,0,0.0
Humboldt State U.,0,0.0,354,51.7,320,35.8,325,56.1
Icahn School of Medicine at Mount Sinai,237,53.3,306,44.8,33,4.5,92,16.5
Idaho State U.,248,55.7,286,41.9,322,36.0,227,39.4
Illinois C. Optometry,0,0.0,0,0.0,764,84.2,0,0.0
Illinois Institute of Technology,153,34.7,121,18.2,239,27.0,268,46.4
Illinois State U.,241,54.2,251,36.9,260,29.2,123,21.8
Indiana Institute of Technology,0,0.0,557,80.8,0,0.0,0,0.0
Indiana State U.,232,52.2,395,57.5,632,69.8,328,56.6
Indiana U.,0,0.0,35,5.9,0,0.0,0,0.0
Indiana U. Pennsylvania,177,40.0,375,54.7,391,43.5,424,73.0
"Indiana U., Bloomington",41,9.9,0,0.0,40,5.3,121,21.4
"Indiana U., Kokomo",0,0.0,0,0.0,785,86.5,0,0.0
"Indiana U., Northwest",0,0.0,0,0.0,739,81.5,0,0.0
"Indiana U., South Bend",0,0.0,0,0.0,662,73.1,577,99.0
"Indiana U., Southeast",0,0.0,0,0.0,733,80.8,0,0.0
"Indiana U.-Purdue U., Indianapolis",144,32.7,0,0.0,184,21.0,98,17.5
Indiana Wesleyan U.,0,0.0,0,0.0,667,73.6,0,0.0
"Institute for Clinical Social Work, Chicago",348,77.9,0,0.0,0,0.0,0,0.0
"Inter American U. Puerto Rico, Metro",334,74.8,365,53.2,0,0.0,0,0.0
"Inter American U. Puerto Rico, San German",0,0.0,523,75.9,0,0.0,0,0.0
"Inter American University of Puerto Rico, Fajardo",0,0.0,690,99.9,0,0.0,0,0.0
Iona C.,0,0.0,453,65.9,797,87.8,0,0.0
Iowa State U.,50,11.9,84,12.9,77,9.3,42,8.0
Ithaca C.,0,0.0,609,88.2,636,70.2,416,71.6
Jackson State U.,178,40.2,388,56.5,301,33.7,313,54.1
Jacksonville State U.,0,0.0,538,78.1,855,94.1,0,0.0
Jacksonville U.,0,0.0,352,51.4,778,85.7,0,0.0
James Madison U.,288,64.6,382,55.7,314,35.1,298,51.5
Jewish Theological Seminary of America,430,96.0,0,0.0,0,0.0,0,0.0
John Carroll U.,0,0.0,628,91.0,811,89.3,0,0.0
Johns Hopkins U.,32,7.9,15,3.0,1,1.0,4,1.5
Johnson C. Smith U.,0,0.0,0,0.0,509,56.4,465,79.9
Juniata C.,0,0.0,0,0.0,809,89.1,0,0.0
Kalamazoo C.,0,0.0,0,0.0,730,80.5,0,0.0
Kansas City U. Medicine and Biosciences,0,0.0,397,57.8,0,0.0,0,0.0
Kansas State U.,93,21.4,124,18.7,120,14.0,54,10.0
Kean U.,0,0.0,368,53.7,463,51.4,414,71.3
Keck Graduate Institute,396,88.5,299,43.8,526,58.2,519,89.1
Keene State C.,0,0.0,0,0.0,661,73.0,543,93.2
Keiser U.,0,0.0,316,46.2,782,86.2,0,0.0
Kennesaw State U.,343,76.7,222,32.7,283,31.8,376,64.8
Kent State U.,0,0.0,149,22.2,205,23.2,207,36.0
"Kent State U., Kent",118,26.9,0,0.0,0,0.0,0,0.0
Kentucky State U.,0,0.0,623,90.2,354,39.5,418,71.9
Kenyon C.,0,0.0,0,0.0,585,64.7,0,0.0
Kettering U.,0,0.0,594,86.1,600,66.3,406,69.9
Kutztown U. Pennsylvania,0,0.0,625,90.5,850,93.6,0,0.0
La Salle U.,0,0.0,401,58.4,678,74.8,0,0.0
La Sierra U.,354,79.2,0,0.0,584,64.6,0,0.0
Lafayette C.,0,0.0,0,0.0,637,70.3,299,51.7
Lake Erie C. Osteopathic Medicine,0,0.0,278,40.7,759,83.7,0,0.0
Lake Forest C.,0,0.0,0,0.0,858,94.4,0,0.0
Lake Superior State U.,0,0.0,0,0.0,614,67.8,0,0.0
Lamar U.,308,69.0,89,13.6,420,46.7,235,40.8
Langston U.,0,0.0,0,0.0,384,42.8,356,61.4
Lawrence Technological U.,430,96.0,519,75.3,564,62.4,0,0.0
Lawrence U.,0,0.0,0,0.0,747,82.3,0,0.0
LeTourneau U.,0,0.0,653,94.6,829,91.3,0,0.0
Lehigh U.,159,36.0,165,24.5,224,25.3,222,38.6
Lewis U.,0,0.0,263,38.6,0,0.0,0,0.0
Lewis and Clark C.,0,0.0,0,0.0,524,58.0,534,91.7
Lewis-Clark State C.,0,0.0,0,0.0,804,88.6,0,0.0
Liberty U.,0,0.0,17,3.3,654,72.2,261,45.2
Life U.,0,0.0,0,0.0,818,90.1,0,0.0
Lincoln Memorial U.,0,0.0,519,75.3,0,0.0,0,0.0
"Lincoln U., Jefferson City",0,0.0,665,96.3,367,40.9,367,63.3
Lindenwood U.,0,0.0,592,85.8,0,0.0,0,0.0
Linfield U.,0,0.0,0,0.0,871,95.9,0,0.0
Lipscomb U.,0,0.0,440,64.0,835,91.9,0,0.0
Loma Linda U.,248,55.7,276,40.5,321,35.9,340,58.7
Long Island U.,0,0.0,187,27.7,311,34.8,139,24.5
"Long Island U., Brooklyn",297,66.6,0,0.0,0,0.0,0,0.0
"Long Island U., Brookville",430,96.0,0,0.0,0,0.0,0,0.0
Longwood U.,0,0.0,562,81.5,743,81.9,0,0.0
Loras C.,0,0.0,572,82.9,0,0.0,0,0.0
Louisiana State U.,0,0.0,85,13.1,0,0.0,0,0.0
"Louisiana State U., Baton Rouge",63,14.7,0,0.0,91,10.8,48,9.0
"Louisiana State U., Health Sciences Center, New Orleans",304,68.1,0,0.0,216,24.4,223,38.8
"Louisiana State U., Health Sciences Center, Shreveport",354,79.2,0,0.0,257,28.9,240,41.7
"Louisiana State U., Shreveport",0,0.0,0,0.0,776,85.5,0,0.0
Louisiana Tech U.,244,54.8,329,48.1,246,27.7,217,37.7
Loyola Marymount U.,0,0.0,388,56.5,329,36.8,420,72.3
"Loyola U., Chicago",184,41.5,221,32.6,218,24.7,164,28.7
"Loyola U., Maryland",386,86.3,388,56.5,722,79.6,0,0.0
"Loyola U., New Orleans",0,0.0,0,0.0,767,84.5,0,0.0
Luther C.,0,0.0,0,0.0,819,90.2,0,0.0
Luther Seminary,430,96.0,0,0.0,0,0.0,0,0.0
"Lutheran School of Theology, Chicago",417,93.1,0,0.0,0,0.0,0,0.0
MGH Institute of Health Professions,0,0.0,427,62.1,479,53.1,582,99.8
Macalester C.,0,0.0,0,0.0,604,66.8,498,85.5
Maharishi U. Management,417,93.1,185,27.4,0,0.0,0,0.0
Manchester C.,0,0.0,0,0.0,859,94.6,0,0.0
Manhattan C.,0,0.0,413,60.1,555,61.4,485,83.3
Marietta C.,0,0.0,677,98.0,0,0.0,0,0.0
Marquette U.,200,45.1,234,34.4,228,25.8,277,48.0
Marshall B. Ketchum U.,0,0.0,661,95.7,597,66.0,569,97.6
Marshall U.,288,64.6,267,39.2,264,29.7,216,37.6
Maryland Institute C. Art,0,0.0,0,0.0,719,79.3,0,0.0
Marymount U.,0,0.0,313,45.8,521,57.7,0,0.0
Marywood U.,386,86.3,454,66.0,0,0.0,0,0.0
Massachusetts C. Pharmacy and Health Sciences,396,88.5,383,55.8,829,91.3,0,0.0
Massachusetts Institute of Technology,18,4.8,27,4.7,29,4.1,34,6.6
"Mayo Clinic, Mayo Graduate School",262,58.8,321,46.9,0,0.0,0,0.0
Mayville State U.,0,0.0,0,0.0,719,79.3,0,0.0
McMurry U.,0,0.0,0,0.0,846,93.1,0,0.0
McNeese State U.,0,0.0,408,59.4,713,78.6,0,0.0
Medical C. Wisconsin,234,52.6,318,46.5,95,11.3,148,26.0
Medical U. South Carolina,241,54.2,359,52.4,93,11.0,102,18.2
Meharry Medical C.,386,86.3,364,53.1,303,33.9,201,35.0
Memorial Sloan Kettering Cancer Center,0,0.0,472,68.6,0,0.0,0,0.0
"Memorial Sloan Kettering Cancer Center, Louis V. Gerstner Jr. Graduate S. of Biomedical Sciences",364,81.4,0,0.0,456,50.6,573,98.3
Mercer U.,354,79.2,343,50.1,198,22.5,238,41.3
Mercyhurst U.,0,0.0,540,78.3,548,60.6,443,76.2
Merrimack C.,0,0.0,0,0.0,800,88.1,0,0.0
Metropolitan State U.,0,0.0,637,92.3,900,99.0,0,0.0
Metropolitan State U. of Denver,0,0.0,0,0.0,794,87.5,0,0.0
Miami U.,0,0.0,210,31.0,255,28.7,236,41.0
"Miami U., Oxford",206,46.4,0,0.0,0,0.0,0,0.0
Michigan State U.,24,6.1,51,8.2,39,5.1,15,3.4
Michigan Technological U.,164,37.1,170,25.3,172,19.6,167,29.2
"Mid-America Baptist Theological Seminary, Cordova",354,79.2,0,0.0,0,0.0,0,0.0
Middle Tennessee State U.,234,52.6,0,0.0,270,30.3,407,70.1
Middlebury C.,430,96.0,0,0.0,485,53.8,379,65.3
Midwestern Baptist Theological Seminary,232,52.2,0,0.0,0,0.0,0,0.0
Midwestern State U.,0,0.0,438,63.7,665,73.4,0,0.0
Midwestern U.,0,0.0,320,46.8,337,37.6,291,50.3
Millersville U. Pennsylvania,0,0.0,574,83.2,655,72.3,0,0.0
Mills C.,0,0.0,617,89.4,672,74.2,0,0.0
Millsaps C.,0,0.0,0,0.0,718,79.2,0,0.0
Milwaukee School of Engineering,0,0.0,665,96.3,476,52.8,517,88.8
"Minnesota State U., Mankato",0,0.0,380,55.4,530,58.7,451,77.6
"Minnesota State U., Moorhead",0,0.0,529,76.8,776,85.5,0,0.0
Minot State U.,0,0.0,0,0.0,754,83.1,0,0.0
Mississippi C.,0,0.0,366,53.4,0,0.0,0,0.0
Mississippi State U.,112,25.6,133,19.9,97,11.5,24,4.9
Mississippi U. for Women,0,0.0,488,70.9,0,0.0,0,0.0
Mississippi Valley State U.,0,0.0,643,93.1,805,88.7,0,0.0
Missouri State U.,0,0.0,248,36.4,343,38.3,304,52.5
Missouri U.  Science and Technology,129,29.4,174,25.8,195,22.2,194,33.8
Missouri Western State U.,0,0.0,0,0.0,881,97.0,0,0.0
Molloy C.,364,81.4,483,70.2,0,0.0,0,0.0
Monmouth U.,0,0.0,555,80.5,573,63.4,547,93.9
Montana State U.,0,0.0,179,26.5,0,0.0,0,0.0
"Montana State U., Billings",0,0.0,665,96.3,751,82.8,0,0.0
"Montana State U., Bozeman",189,42.6,0,0.0,130,15.1,173,30.3
"Montana State U., Northern",0,0.0,0,0.0,812,89.4,0,0.0
Montana Technological U.,430,96.0,506,73.5,313,35.0,439,75.5
Montclair State U.,257,57.7,155,23.1,293,32.8,366,63.1
Moravian C.,0,0.0,0,0.0,862,94.9,0,0.0
Morehead State U.,0,0.0,635,92.0,565,62.5,483,83.0
Morehouse C.,0,0.0,0,0.0,427,47.5,471,81.0
Morehouse School of Medicine,334,74.8,401,58.4,236,26.6,327,56.5
Morgan State U.,225,50.6,274,40.2,276,31.0,215,37.4
Mount Holyoke C.,0,0.0,0,0.0,542,60.0,444,76.4
Muhlenberg C.,0,0.0,0,0.0,851,93.7,0,0.0
Murray State U.,0,0.0,408,59.4,449,49.9,249,43.2
National Defense U.,0,0.0,0,0.0,455,50.5,0,0.0
National Louis U.,372,83.2,238,35.0,0,0.0,0,0.0
National U.,0,0.0,129,19.4,0,0.0,0,0.0
National U.  Natural Medicine,0,0.0,0,0.0,672,74.2,580,99.5
Naval Postgraduate School,325,72.8,153,22.8,186,21.2,0,0.0
Naval War C.,0,0.0,0,0.0,399,44.4,0,0.0
Nevada State C.,0,0.0,0,0.0,639,70.6,0,0.0
New C. Florida,0,0.0,0,0.0,650,71.8,0,0.0
"New England C. Optometry, The",0,0.0,634,91.8,544,60.2,566,97.1
New England Conservatory,372,83.2,0,0.0,0,0.0,0,0.0
New Jersey City U.,0,0.0,496,72.0,899,98.9,0,0.0
New Jersey Institute of Technology,150,34.0,119,17.9,139,16.1,271,46.9
New Mexico Highlands U.,0,0.0,574,83.2,621,68.6,345,59.5
New Mexico Institute of Mining and Technology,325,72.8,349,50.9,241,27.2,359,61.9
New Mexico State U.,0,0.0,156,23.2,161,18.4,137,24.1
"New Mexico State U., Las Cruces",142,32.2,0,0.0,0,0.0,0,0.0
New Orleans Baptist Theological Seminary,348,77.9,0,0.0,0,0.0,0,0.0
"New School, The",203,45.7,183,27.1,317,35.5,512,87.9
New York Institute of Technology,0,0.0,293,42.9,431,47.9,450,77.4
New York Medical C.,372,83.2,336,49.1,284,31.9,290,50.2
New York U.,38,9.2,4,1.4,23,3.4,65,11.9
Niagara U.,0,0.0,522,75.8,756,83.3,0,0.0
Nicholls State U.,0,0.0,496,72.0,740,81.6,0,0.0
Norfolk State U.,372,83.2,457,66.4,435,48.3,384,66.2
North Carolina Agricultural and Technical State U.,202,45.5,270,39.6,225,25.4,184,32.1
North Carolina Central U.,0,0.0,317,46.3,319,35.7,225,39.1
North Carolina State U.,21,5.4,29,5.0,53,6.7,12,2.9
North Dakota State U.,139,31.6,192,28.4,141,16.3,37,7.1
Northeast C. of Health Sciences,0,0.0,0,0.0,896,98.6,0,0.0
Northeast Ohio Medical U.,430,96.0,0,0.0,323,36.1,228,39.6
Northeastern Illinois U.,0,0.0,462,67.1,551,61.0,347,59.9
"Northeastern Ohio Universities, C.  Medicine",0,0.0,612,88.7,0,0.0,0,0.0
Northeastern State U.,0,0.0,377,55.0,854,94.0,0,0.0
Northeastern U.,96,22.0,7,1.9,116,13.5,130,22.9
Northern Arizona U.,218,49.1,181,26.8,178,20.3,205,35.7
Northern Illinois U.,197,44.4,183,27.1,254,28.6,280,48.5
Northern Kentucky U.,0,0.0,515,74.8,469,52.0,461,79.3
Northern Michigan U.,0,0.0,491,71.3,596,65.9,520,89.3
Northern New Mexico C.,0,0.0,0,0.0,824,90.7,0,0.0
Northern State U.,0,0.0,0,0.0,892,98.2,0,0.0
Northland C.,0,0.0,0,0.0,628,69.4,574,98.5
Northwest Indian C.,0,0.0,0,0.0,490,54.3,565,96.9
Northwest Missouri State U.,0,0.0,137,20.5,892,98.2,0,0.0
Northwest Nazarene U.,0,0.0,0,0.0,783,86.3,0,0.0
Northwestern State U. Louisiana,0,0.0,648,93.8,575,63.6,454,78.1
Northwestern U.,31,7.6,38,6.3,30,4.2,18,3.9
Norwich U.,0,0.0,0,0.0,663,73.2,0,0.0
Notre Dame of Maryland U.,372,83.2,0,0.0,0,0.0,0,0.0
Nova Southeastern U.,169,38.2,357,52.1,258,29.0,231,40.1
Oakland U.,211,47.5,218,32.1,277,31.1,281,48.6
Oakwood U.,0,0.0,0,0.0,769,84.7,0,0.0
Oberlin C.,0,0.0,0,0.0,690,76.1,242,42.0
Occidental C.,0,0.0,0,0.0,461,51.2,252,43.7
Oglala Lakota C.,0,0.0,0,0.0,770,84.8,0,0.0
Ohio Northern U.,0,0.0,0,0.0,771,85.0,0,0.0
"Ohio State U., The",0,0.0,31,5.3,12,2.2,9,2.4
"Ohio State U., The, Columbus",7,2.3,0,0.0,0,0.0,0,0.0
Ohio U.,0,0.0,171,25.4,206,23.4,245,42.5
"Ohio U., Athens",126,28.7,0,0.0,0,0.0,0,0.0
Ohio Wesleyan U.,0,0.0,0,0.0,802,88.3,0,0.0
Oklahoma Christian U.,0,0.0,625,90.5,0,0.0,0,0.0
Oklahoma City U.,405,90.5,569,82.5,0,0.0,0,0.0
Oklahoma State U.,0,0.0,112,16.9,0,0.0,0,0.0
"Oklahoma State U., Center for Health Sciences",364,81.4,602,87.2,366,40.8,398,68.5
"Oklahoma State U., Stillwater",86,19.8,0,0.0,126,14.6,86,15.5
Old Dominion U.,109,24.9,203,30.0,188,21.4,198,34.5
Oregon Health and Science U.,217,48.8,289,42.3,60,7.4,90,16.1
Oregon Institute of Technology,0,0.0,574,83.2,436,48.4,453,77.9
Oregon State U.,71,16.5,69,10.8,94,11.1,76,13.8
Ouachita Baptist U.,0,0.0,0,0.0,878,96.6,0,0.0
Pace U.,364,81.4,227,33.4,460,51.1,535,91.8
Pacific Lutheran U.,0,0.0,0,0.0,815,89.8,0,0.0
Pacific States U.,0,0.0,579,83.9,0,0.0,0,0.0
Pacific U.,320,71.7,394,57.4,421,46.8,397,68.4
Pacifica Graduate Institute,214,48.2,0,0.0,0,0.0,0,0.0
"Palmer C. Chiropractic, Davenport",0,0.0,0,0.0,528,58.5,575,98.6
Palo Alto U.,196,44.2,240,35.3,788,86.8,0,0.0
Pardee RAND Graduate School,343,76.7,420,61.1,0,0.0,0,0.0
Parker U.,0,0.0,0,0.0,892,98.2,0,0.0
Pennsylvania State U.,417,93.1,0,0.0,0,0.0,0,0.0
Pennsylvania State U.,14,3.9,28,4.9,0,0.0,0,0.0
"Pennsylvania State U., Abington",0,0.0,0,0.0,816,89.9,0,0.0
"Pennsylvania State U., Lehigh Valley",0,0.0,0,0.0,900,99.0,0,0.0
"Pennsylvania State U., New Kensington",0,0.0,0,0.0,907,99.8,0,0.0
"Pennsylvania State U., The, Altoona",0,0.0,0,0.0,709,78.2,0,0.0
"Pennsylvania State U., The, Behrend",0,0.0,0,0.0,400,44.5,375,64.6
"Pennsylvania State U., The, Berks",0,0.0,0,0.0,807,88.9,0,0.0
"Pennsylvania State U., The, Great Valley School of Graduate Professional Studies",0,0.0,0,0.0,657,72.5,0,0.0
"Pennsylvania State U., The, Greater Allegheny",0,0.0,0,0.0,879,96.7,0,0.0
"Pennsylvania State U., The, Harrisburg",0,0.0,0,0.0,484,53.7,480,82.5
"Pennsylvania State U., The, University Park and Hershey Medical Center",0,0.0,0,0.0,26,3.7,19,4.1
"Pennsylvania State U., Wilkes-Barre",0,0.0,0,0.0,864,95.1,0,0.0
Pepperdine U.,0,0.0,157,23.4,498,55.2,456,78.4
Philadelphia C.  Osteopathic Medicine,0,0.0,301,44.0,390,43.4,481,82.7
Philander Smith C.,0,0.0,0,0.0,886,97.5,0,0.0
Piedmont Baptist C. and Graduate School,417,93.1,0,0.0,0,0.0,0,0.0
Pittsburg State U.,0,0.0,468,68.0,494,54.8,442,76.0
Pitzer C.,0,0.0,0,0.0,877,96.5,0,0.0
Plymouth State U.,0,0.0,628,91.0,520,57.6,0,0.0
Point Loma Nazarene U.,0,0.0,672,97.3,758,83.5,0,0.0
Point Park U.,0,0.0,683,98.9,0,0.0,0,0.0
Polytechnic U. Puerto Rico,0,0.0,386,56.2,682,75.3,0,0.0
Pomona C.,0,0.0,0,0.0,532,58.9,308,53.2
Ponce Heath Sciences U.,417,93.1,0,0.0,266,29.9,466,80.1
Pontifical Catholic U. Puerto Rico,0,0.0,374,54.5,0,0.0,0,0.0
"Pontifical Catholic U. Puerto Rico, Ponce",262,58.8,0,0.0,824,90.7,0,0.0
"Pontifical Catholic University of Puerto Rico, Mayaguez",0,0.0,687,99.4,0,0.0,0,0.0
Portland State U.,162,36.7,193,28.6,223,25.2,224,38.9
Prairie View A&M U.,325,72.8,404,58.8,292,32.7,213,37.1
Pratt Institute,0,0.0,0,0.0,504,55.8,0,0.0
Prescott C.,396,88.5,0,0.0,0,0.0,0,0.0
Princeton Theological Seminary,372,83.2,0,0.0,0,0.0,0,0.0
Princeton U.,59,13.9,62,9.8,69,8.4,89,16.0
Providence C.,0,0.0,0,0.0,693,76.5,462,79.4
Purdue U.,0,0.0,24,4.3,0,0.0,0,0.0
"Purdue U., Fort Wayne",0,0.0,0,0.0,507,56.2,403,69.4
"Purdue U., Northwest",0,0.0,0,0.0,397,44.2,494,84.9
"Purdue U., West Lafayette",5,1.9,0,0.0,41,5.4,23,4.7
Quinnipiac U.,0,0.0,406,59.1,658,72.6,0,0.0
Radford U.,0,0.0,429,62.4,677,74.7,0,0.0
Ramapo C. New Jersey,0,0.0,0,0.0,798,87.9,0,0.0
Reed C.,0,0.0,0,0.0,412,45.8,445,76.5
Regent U.,167,37.8,0,0.0,0,0.0,0,0.0
Regis U.,0,0.0,228,33.6,767,84.5,0,0.0
Rensselaer Polytechnic Institute,0,0.0,0,0.0,156,17.9,192,33.5
"Rensselaer Polytechnic Institute, Troy",136,30.9,154,23.0,0,0.0,0,0.0
Rhode Island C.,0,0.0,665,96.3,336,37.5,539,92.5
Rhode Island School of Design,0,0.0,0,0.0,648,71.5,0,0.0
Rice U.,105,24.0,80,12.3,117,13.7,169,29.6
Rider U.,0,0.0,0,0.0,834,91.8,0,0.0
Rivier U.,0,0.0,418,60.8,0,0.0,0,0.0
Roanoke C.,0,0.0,0,0.0,699,77.1,0,0.0
Rochester Institute of Technology,203,45.7,116,17.5,193,21.9,206,35.9
"Rockefeller U., The",244,54.8,310,45.3,79,9.5,125,22.1
Roger Williams U.,0,0.0,547,79.3,556,61.5,536,92.0
Rollins C.,0,0.0,0,0.0,749,82.6,0,0.0
Roosevelt U.,430,96.0,333,48.6,0,0.0,0,0.0
Rosalind Franklin U.  Medicine and Science,308,69.0,612,88.7,324,36.2,301,52.0
Rose-Hulman Institute of Technology,0,0.0,658,95.3,0,0.0,0,0.0
Roseman U.  Health Sciences,0,0.0,0,0.0,395,44.0,427,73.5
Rowan U.,417,93.1,246,36.2,248,27.9,255,44.2
Rush U.,308,69.0,385,56.1,166,19.0,237,41.1
"Rutgers, The State U. New Jersey",0,0.0,43,7.0,0,0.0,0,0.0
"Rutgers, The State U. New Jersey, Camden",354,79.2,0,0.0,411,45.7,372,64.1
"Rutgers, The State U. New Jersey, New Brunswick",44,10.5,0,0.0,45,5.8,33,6.4
"Rutgers, The State U. New Jersey, Newark",178,40.2,0,0.0,261,29.4,306,52.9
"SUNY, Binghamton U.",100,22.9,99,15.1,153,17.6,196,34.2
"SUNY, Buffalo State",0,0.0,569,82.5,546,60.4,479,82.3
"SUNY, C. Brockport, The",0,0.0,559,81.1,626,69.1,568,97.5
"SUNY, C. Cortland",0,0.0,563,81.6,808,89.0,0,0.0
"SUNY, C. Old Westbury",0,0.0,0,0.0,904,99.5,0,0.0
"SUNY, C. Plattsburgh",0,0.0,606,87.8,604,66.8,578,99.2
"SUNY, C. Technology at Canton",0,0.0,0,0.0,562,62.2,0,0.0
"SUNY, C. of Environmental Science and Forestry",271,60.8,370,53.9,243,27.4,338,58.3
"SUNY, C. of Optometry",0,0.0,648,93.8,467,51.8,415,71.4
"SUNY, Cobleskill",0,0.0,0,0.0,627,69.3,0,0.0
"SUNY, Delhi",0,0.0,0,0.0,889,97.8,0,0.0
"SUNY, Downstate Health Sciences U.",372,83.2,353,51.5,233,26.3,318,54.9
"SUNY, Empire State C.",0,0.0,0,0.0,866,95.3,0,0.0
"SUNY, Farmingdale State C.",0,0.0,0,0.0,728,80.3,0,0.0
"SUNY, Fredonia",0,0.0,579,83.9,0,0.0,0,0.0
"SUNY, Geneseo",0,0.0,0,0.0,537,59.4,474,81.5
"SUNY, Morrisville",0,0.0,0,0.0,904,99.5,0,0.0
"SUNY, New Paltz",0,0.0,438,63.7,833,91.7,0,0.0
"SUNY, Oneonta",0,0.0,677,98.0,881,97.0,0,0.0
"SUNY, Oswego",0,0.0,519,75.3,641,70.8,463,79.6
"SUNY, Polytechnic Institute",354,79.2,420,61.1,59,7.3,114,20.2
"SUNY, Potsdam",0,0.0,665,96.3,744,82.0,0,0.0
"SUNY, Stony Brook U.",71,16.5,48,7.7,98,11.6,59,10.9
"SUNY, U. Albany",123,28.0,140,20.9,160,18.3,230,40.0
"SUNY, U. Buffalo",45,10.7,33,5.6,65,8.0,88,15.8
"SUNY, Upstate Medical U.",334,74.8,422,61.4,215,24.3,186,32.5
Sacred Heart U.,0,0.0,278,40.7,646,71.3,0,0.0
"Sage Colleges, The",0,0.0,523,75.9,0,0.0,0,0.0
Saginaw Valley State U.,0,0.0,0,0.0,511,56.6,482,82.8
Saint Francis U.,0,0.0,0,0.0,669,73.8,0,0.0
Saint John's U.,0,0.0,0,0.0,624,68.9,0,0.0
Saint Joseph's U.,0,0.0,525,76.2,486,53.9,503,86.4
Saint Louis U.,139,31.6,138,20.7,175,20.0,129,22.8
Saint Martin's U.,0,0.0,612,88.7,843,92.8,0,0.0
Saint Mary's U. Minnesota,0,0.0,235,34.6,716,79.0,0,0.0
Saint Michael's C.,0,0.0,0,0.0,668,73.7,0,0.0
Salem State U.,0,0.0,506,73.5,0,0.0,0,0.0
Salisbury U.,0,0.0,648,93.8,339,37.9,496,85.2
Salish Kootenai C.,0,0.0,0,0.0,732,80.7,0,0.0
Salus U.,430,96.0,464,67.4,710,78.3,0,0.0
Salve Regina U.,386,86.3,0,0.0,723,79.7,0,0.0
Sam Houston State U.,271,60.8,256,37.6,326,36.4,346,59.7
San Diego State U.,0,0.0,111,16.8,164,18.8,142,25.0
"San Diego State U., San Diego",316,70.8,0,0.0,0,0.0,0,0.0
San Francisco State U.,0,0.0,209,30.8,231,26.1,282,48.8
San Jose State U.,0,0.0,90,13.8,189,21.5,247,42.9
San Juan Bautista School of Medicine,0,0.0,584,84.7,731,80.6,0,0.0
Sanford-Burnham Medical Research Institute,0,0.0,601,87.1,0,0.0,0,0.0
"Sanford-Burnham Medical Research Institute, La Jolla",405,90.5,0,0.0,0,0.0,0,0.0
Santa Clara U.,372,83.2,195,28.8,478,53.0,278,48.1
Savannah State U.,0,0.0,590,85.5,561,62.1,449,77.2
Saybrook U.,225,50.6,0,0.0,0,0.0,0,0.0
Scripps C.,0,0.0,0,0.0,908,99.9,500,85.9
"Scripps Research Institute, The",218,49.1,295,43.2,58,7.2,93,16.7
Seattle Pacific U.,288,64.6,540,78.3,708,78.1,0,0.0
Seattle U.,0,0.0,387,56.4,582,64.4,0,0.0
Seton Hall U.,244,54.8,304,44.5,406,45.2,0,0.0
Sewanee: The U. South,0,0.0,0,0.0,712,78.5,0,0.0
Shippensburg U. Pennsylvania,0,0.0,535,77.6,0,0.0,0,0.0
Siena C.,0,0.0,0,0.0,660,72.9,0,0.0
Simmons U.,372,83.2,592,85.8,766,84.4,0,0.0
Sitting Bull C.,0,0.0,683,98.9,0,0.0,0,0.0
Skidmore C.,0,0.0,0,0.0,519,57.5,388,66.8
Slippery Rock U. Pennsylvania,0,0.0,513,74.5,847,93.2,0,0.0
Smith C.,372,83.2,621,90.0,442,49.1,337,58.2
Sofia U.,386,86.3,0,0.0,0,0.0,0,0.0
Sonoma State U.,0,0.0,491,71.3,482,53.4,361,62.2
South Carolina State U.,0,0.0,535,77.6,447,49.6,436,75.0
South Dakota School of Mines & Technology,301,67.4,338,49.4,305,34.2,365,62.9
South Dakota State U.,198,44.6,251,36.9,201,22.8,110,19.5
Southeast Missouri State U.,0,0.0,283,41.5,876,96.4,0,0.0
Southeastern Baptist Theological Seminary,297,66.6,0,0.0,0,0.0,0,0.0
Southeastern Louisiana U.,0,0.0,391,57.0,568,62.8,354,61.1
Southern Arkansas U.,0,0.0,381,55.5,726,80.1,0,0.0
"Southern Baptist Theological Seminary, The",293,65.7,0,0.0,0,0.0,0,0.0
Southern California U. of Health Sciences,0,0.0,0,0.0,792,87.2,0,0.0
Southern Connecticut State U.,0,0.0,337,49.2,396,44.1,317,54.8
"Southern Illinois U., Carbondale",143,32.5,169,25.1,210,23.8,136,24.0
"Southern Illinois U., Edwardsville",0,0.0,286,41.9,288,32.3,330,57.0
Southern Methodist U.,164,37.1,208,30.7,221,25.0,248,43.0
Southern Nazarene U.,0,0.0,510,74.0,0,0.0,0,0.0
Southern New Hampshire U.,417,93.1,0,0.0,0,0.0,0,0.0
Southern Oregon U.,0,0.0,646,93.5,748,82.5,0,0.0
Southern U. and A&M C.,0,0.0,311,45.5,0,0.0,0,0.0
"Southern U. and A&M C., Agricultural Research and Extension Center",0,0.0,0,0.0,392,43.6,581,99.7
"Southern U. and A&M C., Baton Rouge",304,68.1,0,0.0,415,46.1,219,38.1
"Southern U., New Orleans",0,0.0,547,79.3,845,93.0,0,0.0
Southern Utah U.,0,0.0,0,0.0,691,76.2,0,0.0
Southwestern Baptist Theological Seminary,225,50.6,0,0.0,0,0.0,0,0.0
Southwestern Oklahoma State U.,0,0.0,0,0.0,725,79.9,0,0.0
Southwestern U.,0,0.0,0,0.0,798,87.9,0,0.0
Spelman C.,0,0.0,0,0.0,523,57.9,363,62.6
Springfield C.,364,81.4,540,78.3,0,0.0,0,0.0
St. Ambrose U.,417,93.1,0,0.0,0,0.0,0,0.0
St. Bonaventure U.,0,0.0,0,0.0,810,89.2,0,0.0
St. Catherine U.,0,0.0,0,0.0,617,68.2,0,0.0
St. Cloud State U.,0,0.0,313,45.8,516,57.2,335,57.8
St. Edward's U.,0,0.0,0,0.0,345,38.5,332,57.3
St. Francis College,0,0.0,661,95.7,0,0.0,0,0.0
"St. John's U., New York",0,0.0,0,0.0,483,53.6,378,65.1
"St. John's U., Queens",178,40.2,271,39.7,0,0.0,0,0.0
St. Mary's C. Maryland,0,0.0,0,0.0,826,91.0,0,0.0
"St. Mary's U., San Antonio",354,79.2,505,73.3,0,0.0,0,0.0
St. Norbert C.,0,0.0,0,0.0,796,87.7,0,0.0
St. Olaf C.,0,0.0,0,0.0,683,75.4,0,0.0
St. Thomas U.,0,0.0,515,74.8,0,0.0,0,0.0
Stanford U.,2,1.2,13,2.7,9,1.9,38,7.3
Stephen F. Austin State U.,0,0.0,413,60.1,474,52.6,260,45.1
Stetson U.,0,0.0,0,0.0,726,80.1,0,0.0
Stevens Institute of Technology,206,46.4,76,11.8,220,24.9,357,61.6
Stockton U.,0,0.0,456,66.3,610,67.4,542,93.0
Stonehill C.,0,0.0,0,0.0,706,77.9,0,0.0
Suffolk U.,325,72.8,510,74.0,539,59.7,0,0.0
Sul Ross State U.,0,0.0,586,84.9,533,59.0,510,87.6
Susquehanna U.,0,0.0,0,0.0,820,90.3,0,0.0
Swarthmore C.,0,0.0,0,0.0,472,52.4,355,61.2
Syracuse U.,118,26.9,83,12.8,144,16.6,233,40.5
Tarleton State U.,0,0.0,401,58.4,290,32.5,426,73.3
Taylor U.,0,0.0,0,0.0,881,97.0,0,0.0
"Teachers C., Columbia U.",146,33.1,102,15.5,259,29.1,382,65.8
Temple U.,78,18.1,105,15.9,90,10.7,147,25.8
Tennessee State U.,253,56.8,331,48.4,247,27.8,256,44.4
Tennessee Technological U.,293,65.7,483,70.2,307,34.4,315,54.4
Texas A&M International U.,0,0.0,602,87.2,457,50.7,459,78.9
Texas A&M U.,0,0.0,6,1.7,0,0.0,0,0.0
"Texas A&M U., College Station",6,2.1,0,0.0,0,0.0,0,0.0
"Texas A&M U., College Station and Health Science Center",0,0.0,0,0.0,16,2.6,5,1.7
Texas A&M U.-Central Texas,0,0.0,687,99.4,686,75.7,0,0.0
Texas A&M U.-Commerce,284,63.7,323,47.2,452,50.2,455,78.2
Texas A&M U.-Corpus Christi,320,71.7,308,45.1,238,26.8,279,48.3
Texas A&M U.-Kingsville,348,77.9,233,34.3,265,29.8,370,63.8
Texas A&M U.-San Antonio,0,0.0,563,81.6,602,66.5,0,0.0
Texas Chiropractic C.,0,0.0,0,0.0,890,97.9,0,0.0
Texas Christian U.,244,54.8,340,49.6,308,34.5,312,53.9
Texas Southern U.,301,67.4,430,62.6,348,38.8,392,67.5
Texas State U.,209,47.1,148,22.1,176,20.1,208,36.2
Texas Tech U.,41,9.9,61,9.6,127,14.7,94,16.8
Texas Tech U. Health Sciences Center,308,69.0,0,0.0,222,25.1,210,36.6
"Texas Tech U. Health Sciences Center, El Paso",0,0.0,0,0.0,334,37.3,311,53.7
Texas Woman's U.,159,36.0,225,33.1,415,46.1,386,66.5
Thomas Jefferson U.,301,67.4,361,52.7,123,14.3,181,31.6
Tiffin U.,0,0.0,538,78.1,0,0.0,0,0.0
Tougaloo C.,0,0.0,690,99.9,535,59.2,576,98.8
Touro C.,0,0.0,288,42.2,791,87.1,0,0.0
Touro U.,0,0.0,0,0.0,466,51.7,562,96.4
"Touro U., Vallejo",0,0.0,340,49.6,0,0.0,0,0.0
Towson U.,334,74.8,265,38.9,454,50.4,358,61.7
"Toyota Technological Institute, Chicago",405,90.5,569,82.5,414,46.0,572,98.1
"Trinity C., Hartford",0,0.0,672,97.3,563,62.3,468,80.4
Trinity U.,0,0.0,0,0.0,487,54.0,429,73.8
Troy U.,0,0.0,269,39.5,583,64.5,529,90.8
Truman State U.,0,0.0,579,83.9,874,96.2,0,0.0
Tufts U.,0,0.0,63,9.9,110,12.9,97,17.3
"Tufts U., Medford",134,30.5,0,0.0,0,0.0,0,0.0
Tulane U.,128,29.1,100,15.2,119,13.9,57,10.5
Tuskegee U.,386,86.3,427,62.1,273,30.7,176,30.8
"U. Akron, Akron",122,27.8,0,0.0,0,0.0,0,0.0
"U. Akron, The",0,0.0,216,31.9,294,33.0,171,29.9
"U. Alabama, The, Birmingham",113,25.8,107,16.2,44,5.7,74,13.4
"U. Alabama, The, Huntsville",225,50.6,248,36.4,145,16.7,189,33.0
"U. Alabama, The, Tuscaloosa",108,24.7,123,18.5,150,17.3,187,32.6
"U. Alaska, Anchorage",372,83.2,499,72.5,274,30.8,350,60.4
"U. Alaska, Fairbanks",237,53.3,354,51.7,137,15.8,83,15.0
"U. Alaska, Southeast",0,0.0,0,0.0,615,67.9,552,94.7
"U. Ana G. Mendez, Carolina",0,0.0,0,0.0,729,80.4,0,0.0
"U. Ana G. Méndez, Cupey",0,0.0,0,0.0,698,77.0,0,0.0
"U. Ana G. Méndez, Gurabo",0,0.0,481,69.9,580,64.1,505,86.7
U. Arizona,40,9.6,52,8.3,36,4.8,36,7.0
U. Arkansas for Medical Sciences,304,68.1,358,52.2,129,15.0,209,36.4
"U. Arkansas, Fayetteville",91,20.9,162,24.1,140,16.2,82,14.8
"U. Arkansas, Little Rock",218,49.1,346,50.5,371,41.3,326,56.3
"U. Arkansas, Monticello",0,0.0,677,98.0,0,0.0,0,0.0
"U. Arkansas, Pine Bluff",0,0.0,602,87.2,356,39.7,331,57.1
U. Baltimore,0,0.0,474,68.9,315,35.2,469,80.6
U. Bridgeport,325,72.8,354,51.7,0,0.0,0,0.0
"U. California, Berkeley",4,1.7,9,2.2,32,4.4,21,4.4
"U. California, Davis",26,6.5,32,5.5,34,4.6,8,2.2
"U. California, Irvine",37,9.0,41,6.7,55,6.9,40,7.6
"U. California, Los Angeles",12,3.4,10,2.3,6,1.6,11,2.7
"U. California, Merced",200,45.1,197,29.1,213,24.1,135,23.8
"U. California, Office of the President",0,0.0,0,0.0,203,23.0,0,0.0
"U. California, Riverside",65,15.2,64,10.0,133,15.4,55,10.2
"U. California, San Diego",23,5.9,22,4.0,7,1.7,10,2.5
"U. California, San Francisco",124,28.2,142,21.2,2,1.1,30,5.9
"U. California, Santa Barbara",57,13.4,71,11.0,104,12.2,72,13.1
"U. California, Santa Cruz",102,23.4,95,14.5,142,16.4,108,19.2
U. Central Arkansas,330,73.9,404,58.8,446,49.5,351,60.5
U. Central Florida,61,14.3,60,9.5,112,13.1,101,18.0
U. Central Missouri,0,0.0,150,22.4,762,84.0,0,0.0
U. Central Oklahoma,0,0.0,343,50.1,394,43.9,475,81.6
U. Charleston,0,0.0,0,0.0,389,43.3,0,0.0
"U. Chicago, The",28,7.0,30,5.2,56,7.0,50,9.3
U. Cincinnati,0,0.0,65,10.2,51,6.5,87,15.6
"U. Cincinnati, Uptown West Campus",81,18.7,0,0.0,0,0.0,0,0.0
U. Colorado,0,0.0,11,2.4,0,0.0,0,0.0
U. Colorado Anschutz Medical Campus,0,0.0,0,0.0,49,6.2,69,12.6
U. Colorado Boulder,36,8.8,0,0.0,52,6.6,61,11.2
U. Colorado Colorado Springs,254,57.0,0,0.0,404,44.9,253,43.9
U. Colorado Denver,121,27.6,0,0.0,289,32.4,0,0.0
U. Connecticut,0,0.0,53,8.5,88,10.5,67,12.2
"U. Connecticut, Storrs",57,13.4,0,0.0,0,0.0,0,0.0
U. Dallas,364,81.4,501,72.7,865,95.2,0,0.0
U. Dayton,267,59.9,131,19.7,132,15.3,141,24.8
U. Delaware,89,20.5,72,11.2,109,12.8,144,25.3
U. Denver,162,36.7,97,14.8,226,25.5,296,51.2
U. Detroit Mercy,354,79.2,444,64.6,426,47.3,507,87.1
U. District of Columbia,0,0.0,400,58.3,362,40.4,380,65.5
U. Evansville,0,0.0,0,0.0,853,93.9,0,0.0
U. Florida,8,2.6,19,3.6,27,3.8,1,1.0
U. Georgia,34,8.3,54,8.6,57,7.1,2,1.2
U. Guam,0,0.0,578,83.8,291,32.6,324,55.9
U. Hartford,430,96.0,440,64.0,609,67.3,433,74.5
"U. Hawaii, Hilo",430,96.0,513,74.5,370,41.2,343,59.2
"U. Hawaii, Manoa",117,26.7,106,16.1,99,11.7,107,19.0
"U. Hawaii, Maui C.",0,0.0,0,0.0,649,71.7,0,0.0
"U. Hawaii, system office",0,0.0,0,0.0,328,36.7,0,0.0
U. Houston,47,11.2,68,10.6,121,14.1,103,18.4
"U. Houston, System Administration",0,0.0,0,0.0,753,83.0,0,0.0
U. Houston-Clear Lake,0,0.0,207,30.6,571,63.2,511,87.8
U. Houston-Downtown,0,0.0,0,0.0,559,61.8,0,0.0
U. Houston-Victoria,0,0.0,468,68.0,0,0.0,0,0.0
U. Idaho,170,38.4,203,30.0,167,19.1,143,25.2
"U. Illinois, Chicago",54,12.7,45,7.3,63,7.8,64,11.7
"U. Illinois, Springfield",0,0.0,322,47.1,501,55.5,555,95.2
"U. Illinois, Urbana-Champaign",11,3.2,5,1.6,37,4.9,7,2.0
U. Incarnate Word,334,74.8,502,72.9,543,60.1,423,72.8
U. Indianapolis,0,0.0,465,67.6,0,0.0,0,0.0
U. Iowa,60,14.1,92,14.1,50,6.3,100,17.8
U. Kansas,76,17.6,87,13.3,72,8.7,75,13.6
U. Kentucky,51,12.1,81,12.5,64,7.9,13,3.0
U. La Verne,0,0.0,448,65.1,0,0.0,0,0.0
U. Louisiana at Lafayette,221,49.7,223,32.9,135,15.6,80,14.4
"U. Louisiana, Monroe",308,69.0,332,48.5,529,58.6,377,65.0
U. Louisville,118,26.9,143,21.4,124,14.4,120,21.2
U. Lynchburg,0,0.0,0,0.0,908,99.9,0,0.0
U. MA central office,0,0.0,0,0.0,462,51.3,0,0.0
U. Maine,188,42.4,164,24.4,146,16.8,99,17.7
U. Maine Farmington,0,0.0,0,0.0,643,71.0,0,0.0
U. Mary Hardin Baylor,0,0.0,622,90.1,0,0.0,0,0.0
U. Mary Washington,0,0.0,0,0.0,625,69.0,0,0.0
U. Maryland Center for Environmental Science,0,0.0,0,0.0,202,22.9,203,35.4
"U. Maryland, Baltimore",185,41.8,0,0.0,0,0.0,0,0.0
"U. Maryland, Baltimore County",153,34.7,139,20.8,171,19.5,162,28.4
"U. Maryland, College Park",22,5.7,23,4.2,0,0.0,0,0.0
"U. Maryland, Eastern Shore",316,70.8,597,86.5,357,39.8,305,52.7
"U. Maryland, The",0,0.0,0,0.0,17,2.7,31,6.1
"U. Maryland, U. C.",0,0.0,563,81.6,0,0.0,0,0.0
"U. Massachusetts, Amherst",67,15.6,50,8.0,115,13.4,105,18.7
"U. Massachusetts, Boston",153,34.7,191,28.3,187,21.3,270,46.8
"U. Massachusetts, Dartmouth",248,55.7,306,44.8,242,27.3,348,60.0
"U. Massachusetts, Lowell",145,32.9,159,23.7,169,19.3,158,27.7
"U. Massachusetts, Medical School",224,50.4,277,40.6,80,9.6,73,13.3
"U. Memphis, The",127,28.9,160,23.8,181,20.6,178,31.1
U. Miami,85,19.6,78,12.1,75,9.1,155,27.2
U. Michigan,0,0.0,1,1.0,0,0.0,0,0.0
"U. Michigan, Ann Arbor",3,1.4,0,0.0,3,1.2,28,5.6
"U. Michigan, Dearborn",386,86.3,0,0.0,369,41.1,425,73.1
"U. Michigan, Flint",0,0.0,432,62.8,695,76.7,0,0.0
U. Minnesota,0,0.0,21,3.9,0,0.0,0,0.0
"U. Minnesota, Duluth",0,0.0,0,0.0,262,29.5,221,38.4
"U. Minnesota, Morris",0,0.0,0,0.0,670,73.9,0,0.0
"U. Minnesota, Rochester",0,0.0,0,0.0,701,77.3,0,0.0
"U. Minnesota, Twin Cities",15,4.1,0,0.0,22,3.3,3,1.3
"U. Mississippi, Oxford",138,31.3,0,0.0,0,0.0,0,0.0
"U. Mississippi, The",0,0.0,163,24.2,158,18.1,134,23.6
"U. Missouri, Columbia",64,15.0,122,18.4,71,8.6,79,14.3
"U. Missouri, Kansas City",185,41.8,177,26.3,234,26.4,234,40.6
"U. Missouri, Saint Louis",211,47.5,367,53.5,316,35.3,285,49.3
U. Montana,0,0.0,257,37.7,0,0.0,0,0.0
"U. Montana, Missoula",211,47.5,0,0.0,155,17.8,191,33.3
U. Montevallo,0,0.0,535,77.6,0,0.0,0,0.0
"U. Nebraska, Kearney",0,0.0,479,69.6,475,52.7,409,70.4
"U. Nebraska, Lincoln",74,17.2,94,14.3,87,10.4,41,7.8
"U. Nebraska, Medical Center",185,41.8,300,43.9,122,14.2,127,22.4
"U. Nebraska, Omaha",293,65.7,297,43.5,282,31.6,399,68.7
"U. Nebraska, central administration",0,0.0,0,0.0,275,30.9,0,0.0
"U. Nevada, Las Vegas",139,31.6,172,25.5,168,19.2,197,34.3
"U. Nevada, Reno",115,26.3,120,18.1,136,15.7,126,22.3
U. New England,0,0.0,289,42.3,388,43.2,441,75.9
U. New Hampshire,0,0.0,158,23.5,138,15.9,157,27.5
"U. New Hampshire, Durham",175,39.5,0,0.0,0,0.0,0,0.0
U. New Haven,417,93.1,145,21.7,443,49.2,504,86.6
U. New Mexico,0,0.0,102,15.5,81,9.7,111,19.7
"U. New Mexico, Albuquerque",105,24.0,0,0.0,0,0.0,0,0.0
U. New Orleans,234,52.6,362,52.8,295,33.1,300,51.9
U. North Alabama,0,0.0,529,76.8,745,82.1,0,0.0
"U. North Carolina, The, Asheville",0,0.0,0,0.0,418,46.5,486,83.5
"U. North Carolina, The, Chapel Hill",30,7.4,36,6.0,13,2.3,47,8.8
"U. North Carolina, The, Charlotte",114,26.0,113,17.1,199,22.6,174,30.4
"U. North Carolina, The, Greensboro",153,34.7,202,29.8,229,25.9,241,41.8
"U. North Carolina, The, Pembroke",0,0.0,0,0.0,869,95.6,0,0.0
"U. North Carolina, The, Wilmington",405,90.5,273,40.0,298,33.4,309,53.4
"U. North Carolina, general administration",0,0.0,0,0.0,444,49.3,0,0.0
U. North Dakota,178,40.2,224,33.0,148,17.0,183,32.0
U. North Florida,0,0.0,360,52.5,304,34.0,244,42.3
U. North Georgia,0,0.0,0,0.0,590,65.2,0,0.0
"U. North Texas, Denton",86,19.8,67,10.5,174,19.9,220,38.3
"U. North Texas, Health Science Center",316,70.8,199,29.4,204,23.1,172,30.1
U. Northern Colorado,171,38.7,257,37.7,477,52.9,422,72.6
U. Northern Iowa,405,90.5,375,54.7,473,52.5,329,56.8
U. Notre Dame,75,17.4,91,13.9,106,12.5,117,20.7
"U. Oklahoma, Norman",80,18.5,0,0.0,0,0.0,0,0.0
"U. Oklahoma, Norman and Health Science Center",0,0.0,104,15.8,74,9.0,60,11.0
"U. Oklahoma, The, Tulsa",0,0.0,0,0.0,374,41.7,495,85.0
U. Oregon,103,23.6,128,19.2,149,17.1,131,23.1
U. Pacific,364,81.4,423,61.6,594,65.7,396,68.2
U. Pennsylvania,28,7.0,57,9.0,4,1.3,29,5.8
U. Pittsburgh,0,0.0,40,6.6,0,0.0,0,0.0
"U. Pittsburgh, Pittsburgh",43,10.3,0,0.0,18,2.9,32,6.3
U. Portland,0,0.0,665,96.3,704,77.7,0,0.0
"U. Puerto Rico, Aguadilla",0,0.0,0,0.0,717,79.1,0,0.0
"U. Puerto Rico, Cayey",0,0.0,0,0.0,553,61.2,541,92.9
"U. Puerto Rico, Humacao",0,0.0,0,0.0,599,66.2,487,83.7
"U. Puerto Rico, Mayaguez",320,71.7,198,29.3,287,32.2,200,34.9
"U. Puerto Rico, Medical Sciences Campus",348,77.9,212,31.3,217,24.6,151,26.5
"U. Puerto Rico, Ponce",0,0.0,0,0.0,736,81.1,0,0.0
"U. Puerto Rico, Rio Piedras",279,62.6,205,30.3,240,27.1,276,47.8
U. Puget Sound,0,0.0,0,0.0,613,67.7,0,0.0
U. Rhode Island,167,37.8,168,25.0,151,17.4,195,34.0
U. Richmond,0,0.0,0,0.0,522,57.8,295,51.0
U. Rochester,90,20.7,93,14.2,67,8.2,78,14.1
U. Saint Joseph,0,0.0,499,72.5,0,0.0,0,0.0
U. Saint Mary,0,0.0,540,78.3,0,0.0,0,0.0
U. San Diego,256,57.5,319,46.6,368,41.0,458,78.7
U. San Francisco,260,58.4,188,27.8,593,65.6,513,88.1
"U. Sciences, Philadelphia",297,66.6,475,69.0,445,49.4,393,67.7
U. Scranton,0,0.0,440,64.0,721,79.5,0,0.0
U. South Alabama,243,54.6,250,36.7,209,23.7,226,39.3
U. South Carolina Upstate,0,0.0,101,15.4,761,83.9,0,0.0
"U. South Carolina, Aiken",0,0.0,609,88.2,540,59.8,464,79.8
"U. South Carolina, Beaufort",0,0.0,0,0.0,645,71.2,0,0.0
"U. South Carolina, Columbia",82,18.9,0,0.0,113,13.2,95,17.0
"U. South Dakota, The",248,55.7,257,37.7,245,27.6,381,65.6
U. South Florida,55,13.0,44,7.2,68,8.3,85,15.3
U. Southern California,35,8.5,3,1.3,28,3.9,58,10.7
U. Southern Indiana,0,0.0,0,0.0,903,99.4,0,0.0
U. Southern Maine,386,86.3,0,0.0,401,44.6,558,95.8
"U. Southern Mississippi, The",153,34.7,182,27.0,180,20.5,112,19.9
"U. St. Thomas, Houston",405,90.5,0,0.0,0,0.0,0,0.0
"U. Tampa, The",0,0.0,0,0.0,740,81.6,0,0.0
"U. Tennessee, The, Chattanooga",405,90.5,373,54.4,335,37.4,316,54.6
"U. Tennessee, The, Health Science Center",260,58.4,296,43.3,162,18.6,170,29.8
"U. Tennessee, The, Knoxville",45,10.7,115,17.4,85,10.2,46,8.7
"U. Tennessee, The, Martin",0,0.0,0,0.0,891,98.0,0,0.0
"U. Texas Health Science Center, The, Houston",136,30.9,117,17.6,86,10.3,138,24.3
"U. Texas Health Science Center, The, San Antonio",216,48.6,281,41.2,111,13.0,115,20.4
"U. Texas Health Science Center, The, Tyler",0,0.0,0,0.0,244,27.5,400,68.9
"U. Texas M. D. Anderson Cancer Center, The",0,0.0,0,0.0,19,3.0,45,8.5
U. Texas Medical Branch,221,49.7,399,58.1,134,15.5,149,26.2
"U. Texas Rio Grande Valley, The",330,73.9,210,31.0,191,21.7,239,41.5
"U. Texas Southwestern Medical Center, The",192,43.3,217,32.0,46,5.9,53,9.9
U. Texas of the Permian Basin,0,0.0,488,70.9,465,51.6,0,0.0
"U. Texas, The, Arlington",79,18.3,58,9.2,152,17.5,132,23.3
"U. Texas, The, Austin",9,2.8,20,3.7,35,4.7,44,8.3
"U. Texas, The, Dallas",71,16.5,39,6.5,154,17.7,109,19.4
"U. Texas, The, El Paso",178,40.2,167,24.8,163,18.7,159,27.9
"U. Texas, The, San Antonio",116,26.5,144,21.5,147,16.9,212,36.9
"U. Texas, The, Tyler",0,0.0,301,44.0,525,58.1,467,80.3
"U. Toledo, The",132,30.0,194,28.7,196,22.3,133,23.5
U. Tulsa,225,50.6,266,39.0,300,33.6,269,46.6
"U. Utah, The",52,12.3,47,7.6,47,6.0,35,6.8
U. Vermont,190,42.9,189,28.0,128,14.9,168,29.4
U. Virgin Islands,0,0.0,559,81.1,309,34.6,540,92.7
U. Virginia,0,0.0,56,8.9,0,0.0,0,0.0
"U. Virginia's C., Wise",0,0.0,0,0.0,470,52.1,0,0.0
"U. Virginia, Charlottesville",56,13.2,0,0.0,48,6.1,52,9.7
U. Washington,0,0.0,12,2.6,0,0.0,0,0.0
"U. Washington, Bothell",0,0.0,0,0.0,359,40.0,553,94.9
"U. Washington, Seattle",13,3.7,0,0.0,5,1.4,25,5.1
"U. Washington, Tacoma",0,0.0,0,0.0,437,48.5,551,94.6
U. West,417,93.1,0,0.0,0,0.0,0,0.0
"U. West Alabama, The",0,0.0,554,80.3,871,95.9,0,0.0
U. West Florida,308,69.0,377,55.0,230,26.0,430,74.0
U. West Georgia,386,86.3,433,63.0,760,83.8,0,0.0
U. Wisconsin-Eau Claire,0,0.0,506,73.5,557,61.6,373,64.3
U. Wisconsin-Green Bay,0,0.0,606,87.8,554,61.3,502,86.2
U. Wisconsin-La Crosse,0,0.0,476,69.2,480,53.2,493,84.7
U. Wisconsin-Madison,10,3.0,25,4.4,8,1.8,6,1.9
U. Wisconsin-Milwaukee,107,24.5,108,16.4,194,22.0,150,26.4
U. Wisconsin-Oshkosh,0,0.0,658,95.3,576,63.7,333,57.5
U. Wisconsin-Parkside,0,0.0,628,91.0,0,0.0,0,0.0
U. Wisconsin-Platteville,0,0.0,677,98.0,619,68.4,0,0.0
U. Wisconsin-River Falls,0,0.0,0,0.0,642,70.9,0,0.0
U. Wisconsin-Stevens Point,0,0.0,495,71.9,433,48.1,431,74.1
U. Wisconsin-Stout,0,0.0,502,72.9,801,88.2,0,0.0
U. Wisconsin-Superior,0,0.0,0,0.0,502,55.6,339,58.5
U. Wisconsin-Whitewater,0,0.0,547,79.3,694,76.6,0,0.0
U. Wyoming,164,37.1,166,24.7,170,19.4,91,16.3
U. of Health Sciences and Pharmacy in St. Louis,0,0.0,0,0.0,408,45.4,491,84.4
U. of St. Thomas (MN),0,0.0,0,0.0,405,45.1,530,91.0
U.S. Air Force Academy,0,0.0,0,0.0,237,26.7,0,0.0
U.S. Army War C.,0,0.0,0,0.0,422,46.9,0,0.0
U.S. Coast Guard Academy,0,0.0,0,0.0,904,99.5,0,0.0
U.S. Military Academy,0,0.0,0,0.0,280,31.4,0,0.0
U.S. Naval Academy,0,0.0,0,0.0,338,37.7,0,0.0
Uniformed Services University of the Health Sciences,308,69.0,275,40.3,73,8.9,0,0.0
"Union C., Schenectady",0,0.0,0,0.0,592,65.4,0,0.0
Union Theological Seminary,405,90.5,0,0.0,0,0.0,0,0.0
United Tribes Technical C.,0,0.0,0,0.0,785,86.5,0,0.0
Universidad Central del Caribe,405,90.5,623,90.2,451,50.1,490,84.2
Ursinus C.,0,0.0,0,0.0,676,74.6,0,0.0
Utah State U.,0,0.0,215,31.7,84,10.1,84,15.1
"Utah State U., Logan",151,34.2,0,0.0,0,0.0,0,0.0
Utah Valley U.,0,0.0,0,0.0,618,68.3,0,0.0
Utica C.,0,0.0,0,0.0,772,85.1,0,0.0
Valdosta State U.,0,0.0,398,58.0,790,87.0,0,0.0
Valparaiso U.,0,0.0,430,62.6,659,72.7,0,0.0
Van Andel Research Institute,354,79.2,563,81.6,183,20.8,288,49.8
Vanderbilt U.,66,15.4,82,12.6,24,3.5,62,11.4
Vanguard University of Southern California,0,0.0,579,83.9,0,0.0,0,0.0
Vassar C.,0,0.0,0,0.0,579,64.0,362,62.4
Villanova U.,257,57.7,244,35.9,256,28.8,321,55.4
Virginia Commonwealth U.,99,22.7,136,20.4,76,9.2,104,18.5
Virginia Military Institute,0,0.0,0,0.0,597,66.0,0,0.0
Virginia Polytechnic Institute and State U.,26,6.5,37,6.2,54,6.8,39,7.5
Virginia State U.,0,0.0,540,78.3,342,38.2,383,66.0
Wagner C.,0,0.0,658,95.3,0,0.0,0,0.0
Wake Forest U.,214,48.2,230,33.9,102,12.0,20,4.2
Walden U.,1,1.0,0,0.0,0,0.0,0,0.0
Walla Walla U.,0,0.0,677,98.0,0,0.0,0,0.0
Washington State U.,70,16.3,88,13.5,78,9.4,22,4.6
"Washington U., Saint Louis",68,15.8,42,6.9,25,3.6,43,8.1
Washington and Lee U.,0,0.0,0,0.0,861,94.8,0,0.0
Wayland Baptist U.,0,0.0,515,74.8,0,0.0,0,0.0
Wayne State U.,103,23.6,96,14.6,108,12.7,68,12.4
Weber State U.,0,0.0,433,63.0,681,75.1,0,0.0
Wellesley C.,0,0.0,0,0.0,387,43.1,319,55.1
Wesley College,0,0.0,687,99.4,0,0.0,0,0.0
Wesleyan U.,348,77.9,444,64.6,363,40.5,302,52.2
West Chester U. Pennsylvania,0,0.0,309,45.2,432,48.0,428,73.6
West Liberty U.,0,0.0,0,0.0,699,77.1,0,0.0
West Texas A&M U.,430,96.0,443,64.4,344,38.4,349,60.2
West Virginia School of Osteopathic Medicine,0,0.0,0,0.0,608,67.2,214,37.2
West Virginia State U.,0,0.0,628,91.0,382,42.5,447,76.9
West Virginia U.,95,21.8,97,14.8,125,14.5,118,20.9
Western Carolina U.,0,0.0,419,61.0,489,54.2,405,69.7
Western Colorado U.,0,0.0,461,67.0,737,81.3,0,0.0
Western Connecticut State U.,0,0.0,653,94.6,822,90.5,0,0.0
Western Illinois U.,0,0.0,226,33.3,464,51.5,287,49.7
Western Kentucky U.,0,0.0,326,47.6,376,41.9,294,50.8
Western Michigan U.,131,29.8,152,22.7,0,0.0,0,0.0
Western Michigan U. and Homer Stryker M.D. School of Medicine,0,0.0,0,0.0,253,28.5,336,58.0
Western New England U.,396,88.5,563,81.6,545,60.3,0,0.0
Western U. Health Sciences,0,0.0,597,86.5,379,42.2,432,74.3
Western Washington U.,0,0.0,327,47.8,325,36.3,286,49.5
Westminster Theological Seminary,364,81.4,0,0.0,0,0.0,0,0.0
Westmont C.,0,0.0,0,0.0,847,93.2,0,0.0
"Wheaton C., Norton",0,0.0,0,0.0,895,98.5,0,0.0
"Wheaton C., Wheaton",396,88.5,0,0.0,702,77.4,521,89.5
Whitman C.,0,0.0,0,0.0,635,70.1,0,0.0
Whittier C.,0,0.0,0,0.0,842,92.7,0,0.0
Whitworth U.,0,0.0,0,0.0,803,88.4,0,0.0
Wichita State U.,254,57.0,179,26.5,131,15.2,51,9.5
"Widener U., Chester",271,60.8,597,86.5,793,87.4,0,0.0
Wilkes U.,0,0.0,661,95.7,812,89.4,0,0.0
Willamette U.,0,0.0,0,0.0,560,62.0,0,0.0
William & Mary,203,45.7,261,38.3,179,20.4,175,30.6
William Carey U.,0,0.0,454,66.0,0,0.0,0,0.0
William Paterson U.,0,0.0,425,61.8,365,40.7,371,63.9
Williams C.,0,0.0,609,88.2,417,46.4,460,79.1
Winston-Salem State U.,0,0.0,674,97.6,361,40.3,533,91.5
Winthrop U.,0,0.0,559,81.1,503,55.7,531,91.2
Wittenberg U.,0,0.0,0,0.0,780,85.9,0,0.0
Woods Hole Oceanographic Institution,0,0.0,0,0.0,103,12.1,166,29.1
Worcester Polytechnic Institute,192,43.3,173,25.7,208,23.6,264,45.7
Worcester State U.,0,0.0,449,65.3,0,0.0,0,0.0
Wright State U.,0,0.0,147,22.0,250,28.2,250,43.4
"Wright State U., Dayton",225,50.6,0,0.0,0,0.0,0,0.0
Xavier U.,0,0.0,617,89.4,0,0.0,0,0.0
Xavier U. Louisiana,0,0.0,0,0.0,330,36.9,394,67.9
Yale U.,33,8.1,70,10.9,15,2.5,16,3.6
Yeshiva U.,271,60.8,345,50.4,403,44.8,516,88.6
Youngstown State U.,430,96.0,416,60.5,492,54.5,258,44.7
,,,,,,,,
NOTES:,,,,,,,,
The population of reporting institutions and levels of reporting differ across surveys and across years.,,,,,,,,
For more information see Technical notes.,,,,,,,,
Tied institutions are ranked alike and listed alphabetically. NCSES source data may rank tied institutions alphabetically.,,,,,,,,
Unallocated in an institution name indicates funds that cannot be allocated to individual campuses or schools within an,,,,,,,,
institution.,,,,,,,,
